target,merge_step,piece,readable,rank,byte_length,leverage,leverage_ci_low,leverage_ci_high,is_gap
accom,4,om,om,37,2,0.5747706294059753,0.5017177208512015,0.6478235379607492,False
accom,5,cc,cc,259,2,0.33565565943717957,0.23733917325757176,0.4339721456167874,False
accom,6,▁acc,acc,412,4,0.541129812002182,0.42178347723374854,0.6604761467706155,False
accom,7,▁accom,accom,3295,6,1.5830708682537078,1.4419686390856912,1.7241730974217244,False
Thank,5,an,an,24,2,0.5156482374668121,0.41458640089183973,0.6167100740417845,False
Thank,6,▁Th,Th,224,3,0.26489352226257323,0.18823605913029018,0.3415509853948563,False
Thank,7,ank,ank,784,3,0.8525788390636444,0.7279609728306731,0.9771967052966157,False
Thank,8,▁Thank,Thank,4155,6,1.4454993307590485,1.3469706500268823,1.5440280114912146,False
contin,5,in,in,2,2,0.5681668972969055,0.4773080364431823,0.6590257581506287,False
contin,6,on,on,5,2,0.5875390863418579,0.511186277313582,0.6638918953701338,False
contin,7,▁con,con,112,4,0.6402592074871063,0.5122187411166237,0.7682996738575889,False
contin,8,▁cont,cont,279,5,0.6553474998474121,0.5415992557095991,0.7690957439852252,False
contin,9,▁contin,contin,975,7,1.4262581193447113,1.3241235736954082,1.5283926649940143,False
partic,6,ar,ar,30,2,0.682148665189743,0.5900907750069737,0.7742065553725124,False
partic,7,ic,ic,34,2,0.5909778952598572,0.48492437237037267,0.6970314181493418,False
partic,8,art,art,163,3,0.46657092571258546,0.38619657576786115,0.5469452756573098,False
partic,9,▁part,part,345,5,0.6147365927696228,0.5332571183492529,0.6962160671899926,False
partic,10,▁partic,partic,946,7,1.3798926293849945,1.2505203914645067,1.5092648673054823,False
associ,5,▁as,as,99,3,0.7604851138591766,0.662700828928189,0.8582693987901642,False
associ,6,ci,ci,208,2,0.22149695158004762,0.12246108471670272,0.32053281844339254,False
associ,7,so,so,257,2,0.784488000869751,0.6796406519164965,0.8893353498230055,False
associ,8,soci,soci,1366,4,0.5939635241031647,0.49511287049739605,0.6928141777089333,False
associ,9,▁associ,associ,2262,7,1.3313276767730713,1.2244156481926582,1.4382397053534843,False
jour,4,ou,ou,17,2,0.42365749716758727,0.34284240615523276,0.5044725881799418,False
jour,5,our,our,192,3,0.45596091032028196,0.35820865010896996,0.553713170531594,False
jour,6,▁jour,jour,2333,5,1.302546581029892,1.1710035075790783,1.4340896544807056,False
Every,5,er,er,7,2,0.6986088681221009,0.5874830148906077,0.809734721353594,False
Every,6,ver,ver,76,3,0.5574467921257019,0.4426459650127064,0.6722476192386974,False
Every,7,very,very,247,4,0.7388854646682739,0.6549833130885099,0.8227876162480379,False
Every,8,▁Every,Every,2412,6,1.2686595487594605,1.176746804782025,1.360572292736896,False
nab,3,ab,ab,131,2,0.7751125764846801,0.6640996720297205,0.8861254809396397,False
nab,4,nab,nab,5930,3,1.2483010935783385,1.1401780024162067,1.3564241847404703,False
Inter,5,er,er,7,2,0.6986088681221009,0.5874830148906077,0.809734721353594,False
Inter,6,ter,ter,109,3,0.6339738988876342,0.554979111162705,0.7129686866125634,False
Inter,7,▁In,In,238,3,0.4918594247102737,0.3996874711148969,0.5840313783056506,False
Inter,8,▁Inter,Inter,3554,6,1.2067672955989837,1.1190553978908562,1.2944791933071111,False
What,4,at,at,11,2,0.6466294193267822,0.5411003074502023,0.7521585312033621,False
What,5,▁Wh,Wh,433,3,0.5883497786521912,0.4487079389788735,0.7279916183255088,False
What,6,▁What,What,895,5,1.1947542345523834,1.0845056540352214,1.3050028150695454,False
analy,5,al,al,26,2,0.7487594854831695,0.6630563506689,0.834462620297439,False
analy,6,▁an,an,98,3,0.5145696306228638,0.4140246806853104,0.6151145805604171,False
analy,7,▁anal,anal,1571,5,1.045409859418869,0.912502873821143,1.1783168450165948,False
analy,8,▁analy,analy,3161,6,1.1786238753795624,1.0631182632900713,1.2941294874690534,False
doesn,5,es,es,16,2,0.5691511857509614,0.490004882990628,0.6482974885112947,False
doesn,6,▁do,do,193,3,0.7251201236248016,0.6285039559545785,0.8217362912950247,False
doesn,7,▁does,does,707,5,0.9633549559116363,0.8578577701079255,1.0688521417153471,False
doesn,8,▁doesn,doesn,1563,6,1.1741156831383706,1.0792522649343979,1.2689791013423433,False
according,8,in,in,2,2,0.5681668972969055,0.4773080364431823,0.6590257581506287,False
according,9,or,or,15,2,0.47793734312057495,0.38528237566689727,0.5705923105742526,False
according,10,ing,ing,21,3,0.624073691368103,0.5394378332237605,0.7087095495124455,False
according,11,cc,cc,259,2,0.33565565943717957,0.23733917325757176,0.4339721456167874,False
according,12,ord,ord,395,3,0.4864339017868042,0.4012766603046959,0.5715911432689125,False
according,13,▁acc,acc,412,4,0.541129812002182,0.42178347723374854,0.6604761467706155,False
according,14,ording,ording,1243,6,1.0205444550514222,0.9183506309068482,1.1227382791959961,False
according,15,▁according,according,2114,10,1.1699885988235474,1.0899035778505313,1.2500736197965636,False
commit,5,it,it,14,2,0.41764426708221436,0.3654449291841125,0.46984360498031624,False
commit,6,om,om,37,2,0.5747706294059753,0.5017177208512015,0.6478235379607492,False
commit,7,▁com,com,120,4,0.48425463914871214,0.3799907524248316,0.5885185258725927,False
commit,8,▁comm,comm,444,5,0.5870835423469544,0.45752644845269075,0.716640636241218,False
commit,9,▁commit,commit,3130,7,1.146831636428833,1.0437726595917345,1.2498906132659313,False
mag,3,ag,ag,210,2,0.6702753794193268,0.5642907492027172,0.7762600096359364,False
mag,4,▁mag,mag,2681,4,1.1362556850910186,1.0249057546181612,1.247605615563876,False
After,5,er,er,7,2,0.6986088681221009,0.5874830148906077,0.809734721353594,False
After,6,ter,ter,109,3,0.6339738988876342,0.554979111162705,0.7129686866125634,False
After,7,fter,fter,422,4,0.7254553055763244,0.6463399975799186,0.8045706135727303,False
After,8,▁After,After,1446,6,1.128388603925705,1.0524394686603602,1.2043377391910497,False
major,5,or,or,15,2,0.47793734312057495,0.38528237566689727,0.5705923105742526,False
major,6,aj,aj,1166,2,0.5516031801700592,0.42580527325758455,0.6774010870825338,False
major,7,ajor,ajor,1540,4,0.9934907174110412,0.908815051375278,1.0781663834468045,False
major,8,▁major,major,1682,6,1.117507643699646,1.0348822428116264,1.2001330445876657,False
diffe,4,if,if,104,2,0.2885540497303009,0.18611408194463075,0.39099401751597107,False
diffe,5,fe,fe,217,2,0.45863269329071044,0.35765008919746505,0.5596152973839558,False
diffe,6,▁dif,dif,533,4,0.37466012716293334,0.24416237121309659,0.5051578831127701,False
diffe,7,▁diffe,diffe,679,6,1.1090305900573731,1.000607467984385,1.2174537121303612,False
Sch,3,ch,ch,81,2,0.6167337393760681,0.5238484590613972,0.709619019690739,False
Sch,4,▁Sch,Sch,2823,4,1.1088084614276885,0.9926013305560492,1.2250155922993278,False
thank,5,an,an,24,2,0.5156482374668121,0.41458640089183973,0.6167100740417845,False
thank,6,▁th,th,40,3,0.2927484393119812,0.20986181286808003,0.37563506575588235,False
thank,7,▁than,than,394,5,0.7522319400310516,0.6837599631484154,0.8207039169136879,False
thank,8,▁thank,thank,3808,6,1.107603828907013,0.9983574896655589,1.216850168148467,False
National,7,on,on,5,2,0.5875390863418579,0.511186277313582,0.6638918953701338,False
National,8,at,at,11,2,0.6466294193267822,0.5411003074502023,0.7521585312033621,False
National,9,al,al,26,2,0.7487594854831695,0.6630563506689,0.834462620297439,False
National,10,ion,ion,39,3,0.4210682737827301,0.34637923349054867,0.4957573140749115,False
National,11,ation,ation,84,5,0.45385201573371886,0.3864331544142562,0.5212708770531815,False
National,12,ational,ational,583,7,0.7552461552619935,0.6741975006465447,0.8362948098774422,False
National,13,▁National,National,2130,9,1.1069217705726624,1.0161858679911626,1.1976576731541622,False
Inst,4,st,st,52,2,0.44993789911270143,0.36001505428913,0.5398607439362728,False
Inst,5,▁In,In,238,3,0.4918594247102737,0.3996874711148969,0.5840313783056506,False
Inst,6,▁Inst,Inst,1739,5,1.1019341492652892,0.9974671054769593,1.2064011930536191,False
Nor,3,or,or,15,2,0.47793734312057495,0.38528237566689727,0.5705923105742526,False
Nor,4,▁Nor,Nor,5215,4,1.0945159876346588,0.9672236227714275,1.2218083524978902,False
Can,3,an,an,24,2,0.5156482374668121,0.41458640089183973,0.6167100740417845,False
Can,4,▁Can,Can,1303,4,1.0919818419218064,0.9518467160393287,1.232116967804284,False
requ,4,▁re,re,49,3,0.5077640962600708,0.42108778965250077,0.5944404028676409,False
requ,5,qu,qu,150,2,0.6367448592185974,0.5111272226997157,0.762362495737479,False
requ,6,▁requ,requ,711,5,1.0895363366603852,0.9921738488370768,1.1868988244836935,False
signific,6,ic,ic,34,2,0.5909778952598572,0.48492437237037267,0.6970314181493418,False
signific,7,ig,ig,75,2,0.5925013542175293,0.47805648153212293,0.7069462269029356,False
signific,8,if,if,104,2,0.2885540497303009,0.18611408194463075,0.39099401751597107,False
signific,9,ign,ign,307,3,0.5379615819454193,0.43518069130667947,0.6407424725841592,False
signific,10,ific,ific,537,4,0.5615219438076019,0.45807086240783257,0.6649730252073712,False
signific,11,▁sign,sign,843,5,0.6171210235357285,0.5151395340761437,0.7191025129953134,False
signific,12,▁signific,signific,1873,9,1.088935534954071,0.9964481900327034,1.1814228798754387,False
Euro,4,ro,ro,48,2,0.6665664958953857,0.5712249131741552,0.7619080786166162,False
Euro,5,uro,uro,1617,3,0.764690500497818,0.643908280742442,0.8854727202531939,False
Euro,6,▁Euro,Euro,2003,5,1.0878606927394867,0.987337366631943,1.1883840188470303,False
invol,5,▁in,in,32,3,0.5677010178565979,0.4767734100836545,0.6586286256295413,False
invol,6,ol,ol,86,2,0.6847121894359589,0.5712907270948803,0.7981336517770375,False
invol,7,▁inv,inv,561,4,0.44537095665931703,0.3439460400830288,0.5467958732356052,False
invol,8,▁invol,invol,1561,6,1.0812289571762086,0.9853594087673981,1.1770985055850192,False
icro,4,ic,ic,34,2,0.5909778952598572,0.48492437237037267,0.6970314181493418,False
icro,5,ro,ro,48,2,0.6665664958953857,0.5712249131741552,0.7619080786166162,False
icro,6,icro,icro,2094,4,1.0787797629833222,0.9642995389144283,1.1932599870522163,False
super,5,er,er,7,2,0.6986088681221009,0.5874830148906077,0.809734721353594,False
super,6,▁su,su,152,3,0.48195635437965395,0.3550128124645462,0.6088998962947617,False
super,7,per,per,216,3,0.5900509810447693,0.4917146295076035,0.6883873325819351,False
super,8,▁super,super,1722,6,1.0773163866996764,0.9919645660303866,1.1626682073689663,False
opportun,7,or,or,15,2,0.47793734312057495,0.38528237566689727,0.5705923105742526,False
opportun,8,pp,pp,122,2,0.630153945684433,0.5346151104305191,0.7256927809383468,False
opportun,9,ort,ort,134,3,0.5988652992248535,0.511887482583917,0.68584311586579,False
opportun,10,un,un,146,2,0.5570597863197326,0.4443738224742526,0.6697457501652126,False
opportun,11,pport,pport,506,5,0.5318183028697967,0.43761557268475826,0.6260210330548351,False
opportun,12,pportun,pportun,1377,7,0.9701318860054016,0.8888740147727534,1.0513897572380497,False
opportun,13,▁opportun,opportun,1459,9,1.0752539908885956,0.996924248974853,1.1535837328023382,False
sav,3,▁sa,sa,286,3,0.6736651730537414,0.5513830901822815,0.7959472559252013,False
sav,4,▁sav,sav,5216,4,1.0706383475661279,0.9744716465260357,1.16680504860622,False
makes,5,ke,ke,103,2,0.4707334995269775,0.3747073951475334,0.5667596039064217,False
makes,6,ake,ake,241,3,0.7023711907863617,0.6073692723596327,0.7973731092130907,False
makes,7,▁make,make,442,5,0.7840956020355224,0.6940946939591489,0.8740965101118959,False
makes,8,▁makes,makes,1431,6,1.0701419746875762,0.9847047676313924,1.1555791817437602,False
estab,5,st,st,52,2,0.44993789911270143,0.36001505428913,0.5398607439362728,False
estab,6,ab,ab,131,2,0.7751125764846801,0.6640996720297205,0.8861254809396397,False
estab,7,▁est,est,1202,4,0.47908724308013917,0.3834693520621416,0.5747051340981367,False
estab,8,▁estab,estab,2366,6,1.068704218864441,0.9553913693138139,1.182017068415068,False
colle,4,le,le,35,2,0.6050898396968841,0.509820283301559,0.7003593960922092,False
colle,5,ol,ol,86,2,0.6847121894359589,0.5712907270948803,0.7981336517770375,False
colle,6,▁col,col,573,4,0.6965267199277878,0.5750663857332572,0.8179870541223184,False
colle,7,▁colle,colle,1467,6,1.0643465274572372,0.9523163683374443,1.1763766865770302,False
continu,6,in,in,2,2,0.5681668972969055,0.4773080364431823,0.6590257581506287,False
continu,7,on,on,5,2,0.5875390863418579,0.511186277313582,0.6638918953701338,False
continu,8,▁con,con,112,4,0.6402592074871063,0.5122187411166237,0.7682996738575889,False
continu,9,▁cont,cont,279,5,0.6553474998474121,0.5415992557095991,0.7690957439852252,False
continu,10,▁contin,contin,975,7,1.4262581193447113,1.3241235736954082,1.5283926649940143,False
continu,11,▁continu,continu,3781,8,1.062963216304779,0.9770504570541596,1.1488759755553986,False
between,5,en,en,19,2,0.44645029067993164,0.34134760010202425,0.551552981257839,False
between,6,et,et,56,2,0.48397916197776797,0.393689263428353,0.574269060527183,False
between,7,we,we,439,2,0.27144033074378965,0.17240076948313102,0.3704798920044483,False
between,8,▁bet,bet,478,4,0.3520370638370514,0.2426707842422217,0.46140334343188116,False
between,9,ween,ween,815,4,0.8382825469970703,0.768284108793672,0.9082809852004685,False
between,10,▁between,between,867,8,1.0518808960914612,0.9723342372358756,1.1314275549470467,False
child,5,il,il,80,2,0.5600789725780487,0.4562912475209357,0.6638666976351618,False
child,6,▁ch,ch,178,3,0.6173573684692383,0.5247158209719112,0.7099989159665654,False
child,7,ild,ild,380,3,0.45977719068527223,0.38005503354655557,0.5394993478239889,False
child,8,▁child,child,768,6,1.0472761464118958,0.9224326929233241,1.1721195999004674,False
Star,4,ar,ar,30,2,0.682148665189743,0.5900907750069737,0.7742065553725124,False
Star,5,▁St,St,330,3,0.8043777596950531,0.6706926483512341,0.9380628710388721,False
Star,6,▁Star,Star,4479,5,1.0466892564296721,0.9220534897433565,1.1713250231159877,False
refer,4,er,er,7,2,0.6986088681221009,0.5874830148906077,0.809734721353594,False
refer,5,▁re,re,49,3,0.5077640962600708,0.42108778965250077,0.5944404028676409,False
refer,6,▁ref,ref,992,4,0.45080745935440064,0.37527183549358223,0.526343083215219,False
refer,7,▁refer,refer,4387,6,1.0465094017982484,0.913251838182952,1.1797669654135448,False
anal,4,al,al,26,2,0.7487594854831695,0.6630563506689,0.834462620297439,False
anal,5,▁an,an,98,3,0.5145696306228638,0.4140246806853104,0.6151145805604171,False
anal,6,▁anal,anal,1571,5,1.045409859418869,0.912502873821143,1.1783168450165948,False
There,4,he,he,3,2,0.4626316475868225,0.3870157790438804,0.5382475161297646,False
There,5,re,re,4,2,0.5079013919830322,0.4215460078645935,0.5942567761014709,False
There,6,▁The,The,92,4,0.5495621454715729,0.444223608307844,0.6549006826353018,False
There,7,▁There,There,719,6,1.0401496601104736,0.9662788982569228,1.1140204219640244,False
San,3,an,an,24,2,0.5156482374668121,0.41458640089183973,0.6167100740417845,False
San,4,▁San,San,2745,4,1.0339063000679016,0.9122533846809631,1.1555592154548402,False
comple,6,le,le,35,2,0.6050898396968841,0.509820283301559,0.7003593960922092,False
comple,7,om,om,37,2,0.5747706294059753,0.5017177208512015,0.6478235379607492,False
comple,8,▁com,com,120,4,0.48425463914871214,0.3799907524248316,0.5885185258725927,False
comple,9,▁comp,comp,237,5,0.5469589984416962,0.45105804143887335,0.6428599554445189,False
comple,10,▁comple,comple,822,7,1.0335095870494841,0.9405582850668144,1.126460889032154,False
hel,3,he,he,3,2,0.4626316475868225,0.3870157790438804,0.5382475161297646,False
hel,4,hel,hel,2576,3,1.0330407917499542,0.9108086984863902,1.1552728850135183,False
cir,3,ir,ir,88,2,0.4872853970527649,0.4030804499156686,0.5714903441898612,False
cir,4,▁cir,cir,2126,4,1.030416991710663,0.9121805488431229,1.148653434578203,False
With,4,it,it,14,2,0.41764426708221436,0.3654449291841125,0.46984360498031624,False
With,5,ith,ith,82,3,0.43220686197280883,0.35405450086228274,0.5103592230833349,False
With,6,▁With,With,1061,5,1.0295110309123994,0.9146666489572849,1.144355412867514,False
Please,5,le,le,35,2,0.6050898396968841,0.509820283301559,0.7003593960922092,False
Please,6,as,as,38,2,0.7600769603252411,0.6626217110102137,0.8575322096402684,False
Please,7,ase,ase,296,3,0.4060855782032013,0.33612871885670437,0.4760424375496982,False
Please,8,lease,lease,845,5,0.6044023585319519,0.5262247791720064,0.6825799378918974,False
Please,9,▁Please,Please,2018,7,1.0294698433578013,0.947960765874759,1.1109789208408436,False
histor,6,or,or,15,2,0.47793734312057495,0.38528237566689727,0.5705923105742526,False
histor,7,is,is,18,2,0.7064654660224915,0.5919413565099657,0.8209895755350173,False
histor,8,ist,ist,140,3,0.42617464423179624,0.30997322089297114,0.5423760675706213,False
histor,9,▁hist,hist,1304,5,0.7808426636457443,0.6669422300749452,0.8947430972165433,False
histor,10,▁histor,histor,3544,7,1.0264521741867065,0.9266006946821596,1.1263036536912534,False
Col,3,ol,ol,86,2,0.6847121894359589,0.5712907270948803,0.7981336517770375,False
Col,4,▁Col,Col,1186,4,1.0249406519532203,0.9207613625020558,1.1291199414043847,False
